{
  "name": "02.phonebook",
  "version": "1.0.0",
  "lockfileVersion": 3,
  "requires": true,
  "packages": {
    "": {
      "name": "02.phonebook",
      "version": "1.0.0",
      "license": "ISC",
      "devDependencies": {
        "chai": "4.3.4",
        "http-server": "0.12.3",
        "mocha": "8.3.2",
        "playwright-chromium": "1.9.2"
      }
    },
    "node_modules/@types/node": {
      "version": "20.9.2",
      "resolved": "https://registry.npmjs.org/@types/node/-/node-20.9.2.tgz",
      "integrity": "sha512-WHZXKFCEyIUJzAwh3NyyTHYSR35SevJ6mZ1nWwJafKtiQbqRTIKSRcw3Ma3acqgsent3RRDqeVwpHntMk+9irg==",
      "dev": true,
      "optional": true,
      "dependencies": {
        "undici-types": "~5.26.4"
      }
    },
    "node_modules/@types/yauzl": {
      "version": "2.10.3",
      "resolved": "https://registry.npmjs.org/@types/yauzl/-/yauzl-2.10.3.tgz",
      "integrity": "sha512-oJoftv0LSuaDZE3Le4DbKX+KS9G36NzOeSap90UIK0yMA/NhKJhqlSGtNDORNRaIbQfzjXDrQa0ytJ6mNRGz/Q==",
      "dev": true,
      "optional": true,
      "dependencies": {
        "@types/node": "*"
      }
    },
    "node_modules/@ungap/promise-all-settled": {
      "version": "1.1.2",
      "resolved": "https://registry.npmjs.org/@ungap/promise-all-settled/-/promise-all-settled-1.1.2.tgz",
      "integrity": "sha512-sL/cEvJWAnClXw0wHk85/2L0G6Sj8UB0Ctc1TEMbKSsmpRosqhwj9gWgFRZSrBr2f9tiXISwNhCPmlfqUqyb9Q==",
      "dev": true
    },
    "node_modules/agent-base": {
      "version": "6.0.2",
      "resolved": "https://registry.npmjs.org/agent-base/-/agent-base-6.0.2.tgz",
      "integrity": "sha512-RZNwNclF7+MS/8bDg70amg32dyeZGZxiDuQmZxKLAlQjr3jGyLx+4Kkk58UO7D2QdgFIQCovuSuZESne6RG6XQ==",
      "dev": true,
      "dependencies": {
        "debug": "4"
      },
      "engines": {
        "node": ">= 6.0.0"
      }
    },
    "node_modules/ansi-colors": {
      "version": "4.1.1",
      "resolved": "https://registry.npmjs.org/ansi-colors/-/ansi-colors-4.1.1.tgz",
      "integrity": "sha512-JoX0apGbHaUJBNl6yF+p6JAFYZ666/hhCGKN5t9QFjbJQKUU/g8MNbFDbvfrgKXvI1QpZplPOnwIo99lX/AAmA==",
      "dev": true,
      "engines": {
        "node": ">=6"
      }
    },
    "node_modules/ansi-regex": {
      "version": "3.0.1",
      "resolved": "https://registry.npmjs.org/ansi-regex/-/ansi-regex-3.0.1.tgz",
      "integrity": "sha512-+O9Jct8wf++lXxxFc4hc8LsjaSq0HFzzL7cVsw8pRDIPdjKD2mT4ytDZlLuSBZ4cLKZFXIrMGO7DbQCtMJJMKw==",
      "dev": true,
      "engines": {
        "node": ">=4"
      }
    },
    "node_modules/ansi-styles": {
      "version": "4.3.0",
      "resolved": "https://registry.npmjs.org/ansi-styles/-/ansi-styles-4.3.0.tgz",
      "integrity": "sha512-zbB9rCJAT1rbjiVDb2hqKFHNYLxgtk8NURxZ3IZwD3F6NtxbXZQCnnSi1Lkx+IDohdPlFp222wVALIheZJQSEg==",
      "dev": true,
      "dependencies": {
        "color-convert": "^2.0.1"
      },
      "engines": {
        "node": ">=8"
      },
      "funding": {
        "url": "https://github.com/chalk/ansi-styles?sponsor=1"
      }
    },
    "node_modules/anymatch": {
      "version": "3.1.3",
      "resolved": "https://registry.npmjs.org/anymatch/-/anymatch-3.1.3.tgz",
      "integrity": "sha512-KMReFUr0B4t+D+OBkjR3KYqvocp2XaSzO55UcB6mgQMd3KbcE+mWTyvVV7D/zsdEbNnV6acZUutkiHQXvTr1Rw==",
      "dev": true,
      "dependencies": {
        "normalize-path": "^3.0.0",
        "picomatch": "^2.0.4"
      },
      "engines": {
        "node": ">= 8"
      }
    },
    "node_modules/argparse": {
      "version": "2.0.1",
      "resolved": "https://registry.npmjs.org/argparse/-/argparse-2.0.1.tgz",
      "integrity": "sha512-8+9WqebbFzpX9OR+Wa6O29asIogeRMzcGtAINdpMHHyAg10f05aSFVBbcEqGf/PXw1EjAZ+q2/bEBg3DvurK3Q==",
      "dev": true
    },
    "node_modules/assertion-error": {
      "version": "1.1.0",
      "resolved": "https://registry.npmjs.org/assertion-error/-/assertion-error-1.1.0.tgz",
      "integrity": "sha512-jgsaNduz+ndvGyFt3uSuWqvy4lCnIJiovtouQN5JZHOKCS2QuhEdbcQHFhVksz2N2U9hXJo8odG7ETyWlEeuDw==",
      "dev": true,
      "engines": {
        "node": "*"
      }
    },
    "node_modules/async": {
      "version": "2.6.4",
      "resolved": "https://registry.npmjs.org/async/-/async-2.6.4.tgz",
      "integrity": "sha512-mzo5dfJYwAn29PeiJ0zvwTo04zj8HDJj0Mn8TD7sno7q12prdbnasKJHhkm2c1LgrhlJ0teaea8860oxi51mGA==",
      "dev": true,
      "dependencies": {
        "lodash": "^4.17.14"
      }
    },
    "node_modules/balanced-match": {
      "version": "1.0.2",
      "resolved": "https://registry.npmjs.org/balanced-match/-/balanced-match-1.0.2.tgz",
      "integrity": "sha512-3oSeUO0TMV67hN1AmbXsK4yaqU7tjiHlbxRDZOpH0KW9+CeX4bRAaX0Anxt0tx2MrpRpWwQaPwIlISEJhYU5Pw==",
      "dev": true
    },
    "node_modules/basic-auth": {
      "version": "1.1.0",
      "resolved": "https://registry.npmjs.org/basic-auth/-/basic-auth-1.1.0.tgz",
      "integrity": "sha512-CtGuTyWf3ig+sgRyC7uP6DM3N+5ur/p8L+FPfsd+BbIfIs74TFfCajZTHnCw6K5dqM0bZEbRIqRy1fAdiUJhTA==",
      "dev": true,
      "engines": {
        "node": ">= 0.6"
      }
    },
    "node_modules/binary-extensions": {
      "version": "2.2.0",
      "resolved": "https://registry.npmjs.org/binary-extensions/-/binary-extensions-2.2.0.tgz",
      "integrity": "sha512-jDctJ/IVQbZoJykoeHbhXpOlNBqGNcwXJKJog42E5HDPUwQTSdjCHdihjj0DlnheQ7blbT6dHOafNAiS8ooQKA==",
      "dev": true,
      "engines": {
        "node": ">=8"
      }
    },
    "node_modules/brace-expansion": {
      "version": "1.1.11",
      "resolved": "https://registry.npmjs.org/brace-expansion/-/brace-expansion-1.1.11.tgz",
      "integrity": "sha512-iCuPHDFgrHX7H2vEI/5xpz07zSHB00TpugqhmYtVmMO6518mCuRMoOYFldEBl0g187ufozdaHgWKcYFb61qGiA==",
      "dev": true,
      "dependencies": {
        "balanced-match": "^1.0.0",
        "concat-map": "0.0.1"
      }
    },
    "node_modules/braces": {
      "version": "3.0.2",
      "resolved": "https://registry.npmjs.org/braces/-/braces-3.0.2.tgz",
      "integrity": "sha512-b8um+L1RzM3WDSzvhm6gIz1yfTbBt6YTlcEKAvsmqCZZFw46z626lVj9j1yEPW33H5H+lBQpZMP1k8l+78Ha0A==",
      "dev": true,
      "dependencies": {
        "fill-range": "^7.0.1"
      },
      "engines": {
        "node": ">=8"
      }
    },
    "node_modules/browser-stdout": {
      "version": "1.3.1",
      "resolved": "https://registry.npmjs.org/browser-stdout/-/browser-stdout-1.3.1.tgz",
      "integrity": "sha512-qhAVI1+Av2X7qelOfAIYwXONood6XlZE/fXaBSmW/T5SzLAmCgzi+eiWE7fUvbHaeNBQH13UftjpXxsfLkMpgw==",
      "dev": true
    },
    "node_modules/buffer-crc32": {
      "version": "0.2.13",
      "resolved": "https://registry.npmjs.org/buffer-crc32/-/buffer-crc32-0.2.13.tgz",
      "integrity": "sha512-VO9Ht/+p3SN7SKWqcrgEzjGbRSJYTx+Q1pTQC0wrWqHx0vpJraQ6GtHx8tvcg1rlK1byhU5gccxgOgj7B0TDkQ==",
      "dev": true,
      "engines": {
        "node": "*"
      }
    },
    "node_modules/call-bind": {
      "version": "1.0.5",
      "resolved": "https://registry.npmjs.org/call-bind/-/call-bind-1.0.5.tgz",
      "integrity": "sha512-C3nQxfFZxFRVoJoGKKI8y3MOEo129NQ+FgQ08iye+Mk4zNZZGdjfs06bVTr+DBSlA66Q2VEcMki/cUCP4SercQ==",
      "dev": true,
      "dependencies": {
        "function-bind": "^1.1.2",
        "get-intrinsic": "^1.2.1",
        "set-function-length": "^1.1.1"
      },
      "funding": {
        "url": "https://github.com/sponsors/ljharb"
      }
    },
    "node_modules/camelcase": {
      "version": "6.3.0",
      "resolved": "https://registry.npmjs.org/camelcase/-/camelcase-6.3.0.tgz",
      "integrity": "sha512-Gmy6FhYlCY7uOElZUSbxo2UCDH8owEk996gkbrpsgGtrJLM3J7jGxl9Ic7Qwwj4ivOE5AWZWRMecDdF7hqGjFA==",
      "dev": true,
      "engines": {
        "node": ">=10"
      },
      "funding": {
        "url": "https://github.com/sponsors/sindresorhus"
      }
    },
    "node_modules/chai": {
      "version": "4.3.4",
      "resolved": "https://registry.npmjs.org/chai/-/chai-4.3.4.tgz",
      "integrity": "sha512-yS5H68VYOCtN1cjfwumDSuzn/9c+yza4f3reKXlE5rUg7SFcCEy90gJvydNgOYtblyf4Zi6jIWRnXOgErta0KA==",
      "dev": true,
      "dependencies": {
        "assertion-error": "^1.1.0",
        "check-error": "^1.0.2",
        "deep-eql": "^3.0.1",
        "get-func-name": "^2.0.0",
        "pathval": "^1.1.1",
        "type-detect": "^4.0.5"
      },
      "engines": {
        "node": ">=4"
      }
    },
    "node_modules/chalk": {
      "version": "4.1.2",
      "resolved": "https://registry.npmjs.org/chalk/-/chalk-4.1.2.tgz",
      "integrity": "sha512-oKnbhFyRIXpUuez8iBMmyEa4nbj4IOQyuhc/wy9kY7/WVPcwIO9VA668Pu8RkO7+0G76SLROeyw9CpQ061i4mA==",
      "dev": true,
      "dependencies": {
        "ansi-styles": "^4.1.0",
        "supports-color": "^7.1.0"
      },
      "engines": {
        "node": ">=10"
      },
      "funding": {
        "url": "https://github.com/chalk/chalk?sponsor=1"
      }
    },
    "node_modules/chalk/node_modules/supports-color": {
      "version": "7.2.0",
      "resolved": "https://registry.npmjs.org/supports-color/-/supports-color-7.2.0.tgz",
      "integrity": "sha512-qpCAvRl9stuOHveKsn7HncJRvv501qIacKzQlO/+Lwxc9+0q2wLyv4Dfvt80/DPn2pqOBsJdDiogXGR9+OvwRw==",
      "dev": true,
      "dependencies": {
        "has-flag": "^4.0.0"
      },
      "engines": {
        "node": ">=8"
      }
    },
    "node_modules/check-error": {
      "version": "1.0.3",
      "resolved": "https://registry.npmjs.org/check-error/-/check-error-1.0.3.tgz",
      "integrity": "sha512-iKEoDYaRmd1mxM90a2OEfWhjsjPpYPuQ+lMYsoxB126+t8fw7ySEO48nmDg5COTjxDI65/Y2OWpeEHk3ZOe8zg==",
      "dev": true,
      "dependencies": {
        "get-func-name": "^2.0.2"
      },
      "engines": {
        "node": "*"
      }
    },
    "node_modules/chokidar": {
      "version": "3.5.1",
      "resolved": "https://registry.npmjs.org/chokidar/-/chokidar-3.5.1.tgz",
      "integrity": "sha512-9+s+Od+W0VJJzawDma/gvBNQqkTiqYTWLuZoyAsivsI4AaWTCzHG06/TMjsf1cYe9Cb97UCEhjz7HvnPk2p/tw==",
      "dev": true,
      "dependencies": {
        "anymatch": "~3.1.1",
        "braces": "~3.0.2",
        "glob-parent": "~5.1.0",
        "is-binary-path": "~2.1.0",
        "is-glob": "~4.0.1",
        "normalize-path": "~3.0.0",
        "readdirp": "~3.5.0"
      },
      "engines": {
        "node": ">= 8.10.0"
      },
      "optionalDependencies": {
        "fsevents": "~2.3.1"
      }
    },
    "node_modules/cliui": {
      "version": "7.0.4",
      "resolved": "https://registry.npmjs.org/cliui/-/cliui-7.0.4.tgz",
      "integrity": "sha512-OcRE68cOsVMXp1Yvonl/fzkQOyjLSu/8bhPDfQt0e0/Eb283TKP20Fs2MqoPsr9SwA595rRCA+QMzYc9nBP+JQ==",
      "dev": true,
      "dependencies": {
        "string-width": "^4.2.0",
        "strip-ansi": "^6.0.0",
        "wrap-ansi": "^7.0.0"
      }
    },
    "node_modules/cliui/node_modules/ansi-regex": {
      "version": "5.0.1",
      "resolved": "https://registry.npmjs.org/ansi-regex/-/ansi-regex-5.0.1.tgz",
      "integrity": "sha512-quJQXlTSUGL2LH9SUXo8VwsY4soanhgo6LNSm84E1LBcE8s3O0wpdiRzyR9z/ZZJMlMWv37qOOb9pdJlMUEKFQ==",
      "dev": true,
      "engines": {
        "node": ">=8"
      }
    },
    "node_modules/cliui/node_modules/is-fullwidth-code-point": {
      "version": "3.0.0",
      "resolved": "https://registry.npmjs.org/is-fullwidth-code-point/-/is-fullwidth-code-point-3.0.0.tgz",
      "integrity": "sha512-zymm5+u+sCsSWyD9qNaejV3DFvhCKclKdizYaJUuHA83RLjb7nSuGnddCHGv0hk+KY7BMAlsWeK4Ueg6EV6XQg==",
      "dev": true,
      "engines": {
        "node": ">=8"
      }
    },
    "node_modules/cliui/node_modules/string-width": {
      "version": "4.2.3",
      "resolved": "https://registry.npmjs.org/string-width/-/string-width-4.2.3.tgz",
      "integrity": "sha512-wKyQRQpjJ0sIp62ErSZdGsjMJWsap5oRNihHhu6G7JVO/9jIB6UyevL+tXuOqrng8j/cxKTWyWUwvSTriiZz/g==",
      "dev": true,
      "dependencies": {
        "emoji-regex": "^8.0.0",
        "is-fullwidth-code-point": "^3.0.0",
        "strip-ansi": "^6.0.1"
      },
      "engines": {
        "node": ">=8"
      }
    },
    "node_modules/cliui/node_modules/strip-ansi": {
      "version": "6.0.1",
      "resolved": "https://registry.npmjs.org/strip-ansi/-/strip-ansi-6.0.1.tgz",
      "integrity": "sha512-Y38VPSHcqkFrCpFnQ9vuSXmquuv5oXOKpGeT6aGrr3o3Gc9AlVa6JBfUSOCnbxGGZF+/0ooI7KrPuUSztUdU5A==",
      "dev": true,
      "dependencies": {
        "ansi-regex": "^5.0.1"
      },
      "engines": {
        "node": ">=8"
      }
    },
    "node_modules/color-convert": {
      "version": "2.0.1",
      "resolved": "https://registry.npmjs.org/color-convert/-/color-convert-2.0.1.tgz",
      "integrity": "sha512-RRECPsj7iu/xb5oKYcsFHSppFNnsj/52OVTRKb4zP5onXwVF3zVmmToNcOfGC+CRDpfK/U584fMg38ZHCaElKQ==",
      "dev": true,
      "dependencies": {
        "color-name": "~1.1.4"
      },
      "engines": {
        "node": ">=7.0.0"
      }
    },
    "node_modules/color-name": {
      "version": "1.1.4",
      "resolved": "https://registry.npmjs.org/color-name/-/color-name-1.1.4.tgz",
      "integrity": "sha512-dOy+3AuW3a2wNbZHIuMZpTcgjGuLU/uBL/ubcZF9OXbDo8ff4O8yVp5Bf0efS8uEoYo5q4Fx7dY9OgQGXgAsQA==",
      "dev": true
    },
    "node_modules/colors": {
      "version": "1.4.0",
      "resolved": "https://registry.npmjs.org/colors/-/colors-1.4.0.tgz",
      "integrity": "sha512-a+UqTh4kgZg/SlGvfbzDHpgRu7AAQOmmqRHJnxhRZICKFUT91brVhNNt58CMWU9PsBbv3PDCZUHbVxuDiH2mtA==",
      "dev": true,
      "engines": {
        "node": ">=0.1.90"
      }
    },
    "node_modules/commander": {
      "version": "6.2.1",
      "resolved": "https://registry.npmjs.org/commander/-/commander-6.2.1.tgz",
      "integrity": "sha512-U7VdrJFnJgo4xjrHpTzu0yrHPGImdsmD95ZlgYSEajAn2JKzDhDTPG9kBTefmObL2w/ngeZnilk+OV9CG3d7UA==",
      "dev": true,
      "engines": {
        "node": ">= 6"
      }
    },
    "node_modules/concat-map": {
      "version": "0.0.1",
      "resolved": "https://registry.npmjs.org/concat-map/-/concat-map-0.0.1.tgz",
      "integrity": "sha512-/Srv4dswyQNBfohGpz9o6Yb3Gz3SrUDqBH5rTuhGR7ahtlbYKnVxw2bCFMRljaA7EXHaXZ8wsHdodFvbkhKmqg==",
      "dev": true
    },
    "node_modules/corser": {
      "version": "2.0.1",
      "resolved": "https://registry.npmjs.org/corser/-/corser-2.0.1.tgz",
      "integrity": "sha512-utCYNzRSQIZNPIcGZdQc92UVJYAhtGAteCFg0yRaFm8f0P+CPtyGyHXJcGXnffjCybUCEx3FQ2G7U3/o9eIkVQ==",
      "dev": true,
      "engines": {
        "node": ">= 0.4.0"
      }
    },
    "node_modules/debug": {
      "version": "4.3.1",
      "resolved": "https://registry.npmjs.org/debug/-/debug-4.3.1.tgz",
      "integrity": "sha512-doEwdvm4PCeK4K3RQN2ZC2BYUBaxwLARCqZmMjtF8a51J2Rb0xpVloFRnCODwqjpwnAoao4pelN8l3RJdv3gRQ==",
      "dev": true,
      "dependencies": {
        "ms": "2.1.2"
      },
      "engines": {
        "node": ">=6.0"
      },
      "peerDependenciesMeta": {
        "supports-color": {
          "optional": true
        }
      }
    },
    "node_modules/debug/node_modules/ms": {
      "version": "2.1.2",
      "resolved": "https://registry.npmjs.org/ms/-/ms-2.1.2.tgz",
      "integrity": "sha512-sGkPx+VjMtmA6MX27oA4FBFELFCZZ4S4XqeGOXCv68tT+jb3vk/RyaKWP0PTKyWtmLSM0b+adUTEvbs1PEaH2w==",
      "dev": true
    },
    "node_modules/decamelize": {
      "version": "4.0.0",
      "resolved": "https://registry.npmjs.org/decamelize/-/decamelize-4.0.0.tgz",
      "integrity": "sha512-9iE1PgSik9HeIIw2JO94IidnE3eBoQrFJ3w7sFuzSX4DpmZ3v5sZpUiV5Swcf6mQEF+Y0ru8Neo+p+nyh2J+hQ==",
      "dev": true,
      "engines": {
        "node": ">=10"
      },
      "funding": {
        "url": "https://github.com/sponsors/sindresorhus"
      }
    },
    "node_modules/deep-eql": {
      "version": "3.0.1",
      "resolved": "https://registry.npmjs.org/deep-eql/-/deep-eql-3.0.1.tgz",
      "integrity": "sha512-+QeIQyN5ZuO+3Uk5DYh6/1eKO0m0YmJFGNmFHGACpf1ClL1nmlV/p4gNgbl2pJGxgXb4faqo6UE+M5ACEMyVcw==",
      "dev": true,
      "dependencies": {
        "type-detect": "^4.0.0"
      },
      "engines": {
        "node": ">=0.12"
      }
    },
    "node_modules/define-data-property": {
      "version": "1.1.1",
      "resolved": "https://registry.npmjs.org/define-data-property/-/define-data-property-1.1.1.tgz",
      "integrity": "sha512-E7uGkTzkk1d0ByLeSc6ZsFS79Axg+m1P/VsgYsxHgiuc3tFSj+MjMIwe90FC4lOAZzNBdY7kkO2P2wKdsQ1vgQ==",
      "dev": true,
      "dependencies": {
        "get-intrinsic": "^1.2.1",
        "gopd": "^1.0.1",
        "has-property-descriptors": "^1.0.0"
      },
      "engines": {
        "node": ">= 0.4"
      }
    },
    "node_modules/diff": {
      "version": "5.0.0",
      "resolved": "https://registry.npmjs.org/diff/-/diff-5.0.0.tgz",
      "integrity": "sha512-/VTCrvm5Z0JGty/BWHljh+BAiw3IK+2j87NGMu8Nwc/f48WoDAC395uomO9ZD117ZOBaHmkX1oyLvkVM/aIT3w==",
      "dev": true,
      "engines": {
        "node": ">=0.3.1"
      }
    },
    "node_modules/ecstatic": {
      "version": "3.3.2",
      "resolved": "https://registry.npmjs.org/ecstatic/-/ecstatic-3.3.2.tgz",
      "integrity": "sha512-fLf9l1hnwrHI2xn9mEDT7KIi22UDqA2jaCwyCbSUJh9a1V+LEUSL/JO/6TIz/QyuBURWUHrFL5Kg2TtO1bkkog==",
      "deprecated": "This package is unmaintained and deprecated. See the GH Issue 259.",
      "dev": true,
      "dependencies": {
        "he": "^1.1.1",
        "mime": "^1.6.0",
        "minimist": "^1.1.0",
        "url-join": "^2.0.5"
      },
      "bin": {
        "ecstatic": "lib/ecstatic.js"
      }
    },
    "node_modules/emoji-regex": {
      "version": "8.0.0",
      "resolved": "https://registry.npmjs.org/emoji-regex/-/emoji-regex-8.0.0.tgz",
      "integrity": "sha512-MSjYzcWNOA0ewAHpz0MxpYFvwg6yjy1NG3xteoqz644VCo/RPgnr1/GGt+ic3iJTzQ8Eu3TdM14SawnVUmGE6A==",
      "dev": true
    },
    "node_modules/end-of-stream": {
      "version": "1.4.4",
      "resolved": "https://registry.npmjs.org/end-of-stream/-/end-of-stream-1.4.4.tgz",
      "integrity": "sha512-+uw1inIHVPQoaVuHzRyXd21icM+cnt4CzD5rW+NC1wjOUSTOs+Te7FOv7AhN7vS9x/oIyhLP5PR1H+phQAHu5Q==",
      "dev": true,
      "dependencies": {
        "once": "^1.4.0"
      }
    },
    "node_modules/escalade": {
      "version": "3.1.1",
      "resolved": "https://registry.npmjs.org/escalade/-/escalade-3.1.1.tgz",
      "integrity": "sha512-k0er2gUkLf8O0zKJiAhmkTnJlTvINGv7ygDNPbeIsX/TJjGJZHuh9B2UxbsaEkmlEo9MfhrSzmhIlhRlI2GXnw==",
      "dev": true,
      "engines": {
        "node": ">=6"
      }
    },
    "node_modules/escape-string-regexp": {
      "version": "4.0.0",
      "resolved": "https://registry.npmjs.org/escape-string-regexp/-/escape-string-regexp-4.0.0.tgz",
      "integrity": "sha512-TtpcNJ3XAzx3Gq8sWRzJaVajRs0uVxA2YAkdb1jm2YkPz4G6egUFAyA3n5vtEIZefPk5Wa4UXbKuS5fKkJWdgA==",
      "dev": true,
      "engines": {
        "node": ">=10"
      },
      "funding": {
        "url": "https://github.com/sponsors/sindresorhus"
      }
    },
    "node_modules/eventemitter3": {
      "version": "4.0.7",
      "resolved": "https://registry.npmjs.org/eventemitter3/-/eventemitter3-4.0.7.tgz",
      "integrity": "sha512-8guHBZCwKnFhYdHr2ysuRWErTwhoN2X8XELRlrRwpmfeY2jjuUN4taQMsULKUVo1K4DvZl+0pgfyoysHxvmvEw==",
      "dev": true
    },
    "node_modules/extract-zip": {
      "version": "2.0.1",
      "resolved": "https://registry.npmjs.org/extract-zip/-/extract-zip-2.0.1.tgz",
      "integrity": "sha512-GDhU9ntwuKyGXdZBUgTIe+vXnWj0fppUEtMDL0+idd5Sta8TGpHssn/eusA9mrPr9qNDym6SxAYZjNvCn/9RBg==",
      "dev": true,
      "dependencies": {
        "debug": "^4.1.1",
        "get-stream": "^5.1.0",
        "yauzl": "^2.10.0"
      },
      "bin": {
        "extract-zip": "cli.js"
      },
      "engines": {
        "node": ">= 10.17.0"
      },
      "optionalDependencies": {
        "@types/yauzl": "^2.9.1"
      }
    },
    "node_modules/fd-slicer": {
      "version": "1.1.0",
      "resolved": "https://registry.npmjs.org/fd-slicer/-/fd-slicer-1.1.0.tgz",
      "integrity": "sha512-cE1qsB/VwyQozZ+q1dGxR8LBYNZeofhEdUNGSMbQD3Gw2lAzX9Zb3uIU6Ebc/Fmyjo9AWWfnn0AUCHqtevs/8g==",
      "dev": true,
      "dependencies": {
        "pend": "~1.2.0"
      }
    },
    "node_modules/fill-range": {
      "version": "7.0.1",
      "resolved": "https://registry.npmjs.org/fill-range/-/fill-range-7.0.1.tgz",
      "integrity": "sha512-qOo9F+dMUmC2Lcb4BbVvnKJxTPjCm+RRpe4gDuGrzkL7mEVl/djYSu2OdQ2Pa302N4oqkSg9ir6jaLWJ2USVpQ==",
      "dev": true,
      "dependencies": {
        "to-regex-range": "^5.0.1"
      },
      "engines": {
        "node": ">=8"
      }
    },
    "node_modules/find-up": {
      "version": "5.0.0",
      "resolved": "https://registry.npmjs.org/find-up/-/find-up-5.0.0.tgz",
      "integrity": "sha512-78/PXT1wlLLDgTzDs7sjq9hzz0vXD+zn+7wypEe4fXQxCmdmqfGsEPQxmiCSQI3ajFV91bVSsvNtrJRiW6nGng==",
      "dev": true,
      "dependencies": {
        "locate-path": "^6.0.0",
        "path-exists": "^4.0.0"
      },
      "engines": {
        "node": ">=10"
      },
      "funding": {
        "url": "https://github.com/sponsors/sindresorhus"
      }
    },
    "node_modules/flat": {
      "version": "5.0.2",
      "resolved": "https://registry.npmjs.org/flat/-/flat-5.0.2.tgz",
      "integrity": "sha512-b6suED+5/3rTpUBdG1gupIl8MPFCAMA0QXwmljLhvCUKcUvdE4gWky9zpuGCcXHOsz4J9wPGNWq6OKpmIzz3hQ==",
      "dev": true,
      "bin": {
        "flat": "cli.js"
      }
    },
    "node_modules/follow-redirects": {
      "version": "1.15.3",
      "resolved": "https://registry.npmjs.org/follow-redirects/-/follow-redirects-1.15.3.tgz",
      "integrity": "sha512-1VzOtuEM8pC9SFU1E+8KfTjZyMztRsgEfwQl44z8A25uy13jSzTj6dyK2Df52iV0vgHCfBwLhDWevLn95w5v6Q==",
      "dev": true,
      "funding": [
        {
          "type": "individual",
          "url": "https://github.com/sponsors/RubenVerborgh"
        }
      ],
      "engines": {
        "node": ">=4.0"
      },
      "peerDependenciesMeta": {
        "debug": {
          "optional": true
        }
      }
    },
    "node_modules/fs.realpath": {
      "version": "1.0.0",
      "resolved": "https://registry.npmjs.org/fs.realpath/-/fs.realpath-1.0.0.tgz",
      "integrity": "sha512-OO0pH2lK6a0hZnAdau5ItzHPI6pUlvI7jMVnxUQRtw4owF2wk8lOSabtGDCTP4Ggrg2MbGnWO9X8K1t4+fGMDw==",
      "dev": true
    },
    "node_modules/fsevents": {
      "version": "2.3.3",
      "resolved": "https://registry.npmjs.org/fsevents/-/fsevents-2.3.3.tgz",
      "integrity": "sha512-5xoDfX+fL7faATnagmWPpbFtwh/R77WmMMqqHGS65C3vvB0YHrgF+B1YmZ3441tMj5n63k0212XNoJwzlhffQw==",
      "dev": true,
      "hasInstallScript": true,
      "optional": true,
      "os": [
        "darwin"
      ],
      "engines": {
        "node": "^8.16.0 || ^10.6.0 || >=11.0.0"
      }
    },
    "node_modules/function-bind": {
      "version": "1.1.2",
      "resolved": "https://registry.npmjs.org/function-bind/-/function-bind-1.1.2.tgz",
      "integrity": "sha512-7XHNxH7qX9xG5mIwxkhumTox/MIRNcOgDrxWsMt2pAr23WHp6MrRlN7FBSFpCpr+oVO0F744iUgR82nJMfG2SA==",
      "dev": true,
      "funding": {
        "url": "https://github.com/sponsors/ljharb"
      }
    },
    "node_modules/get-caller-file": {
      "version": "2.0.5",
      "resolved": "https://registry.npmjs.org/get-caller-file/-/get-caller-file-2.0.5.tgz",
      "integrity": "sha512-DyFP3BM/3YHTQOCUL/w0OZHR0lpKeGrxotcHWcqNEdnltqFwXVfhEBQ94eIo34AfQpo0rGki4cyIiftY06h2Fg==",
      "dev": true,
      "engines": {
        "node": "6.* || 8.* || >= 10.*"
      }
    },
    "node_modules/get-func-name": {
      "version": "2.0.2",
      "resolved": "https://registry.npmjs.org/get-func-name/-/get-func-name-2.0.2.tgz",
      "integrity": "sha512-8vXOvuE167CtIc3OyItco7N/dpRtBbYOsPsXCz7X/PMnlGjYjSGuZJgM1Y7mmew7BKf9BqvLX2tnOVy1BBUsxQ==",
      "dev": true,
      "engines": {
        "node": "*"
      }
    },
    "node_modules/get-intrinsic": {
      "version": "1.2.2",
      "resolved": "https://registry.npmjs.org/get-intrinsic/-/get-intrinsic-1.2.2.tgz",
      "integrity": "sha512-0gSo4ml/0j98Y3lngkFEot/zhiCeWsbYIlZ+uZOVgzLyLaUw7wxUL+nCTP0XJvJg1AXulJRI3UJi8GsbDuxdGA==",
      "dev": true,
      "dependencies": {
        "function-bind": "^1.1.2",
        "has-proto": "^1.0.1",
        "has-symbols": "^1.0.3",
        "hasown": "^2.0.0"
      },
      "funding": {
        "url": "https://github.com/sponsors/ljharb"
      }
    },
    "node_modules/get-stream": {
      "version": "5.2.0",
      "resolved": "https://registry.npmjs.org/get-stream/-/get-stream-5.2.0.tgz",
      "integrity": "sha512-nBF+F1rAZVCu/p7rjzgA+Yb4lfYXrpl7a6VmJrU8wF9I1CKvP/QwPNZHnOlwbTkY6dvtFIzFMSyQXbLoTQPRpA==",
      "dev": true,
      "dependencies": {
        "pump": "^3.0.0"
      },
      "engines": {
        "node": ">=8"
      },
      "funding": {
        "url": "https://github.com/sponsors/sindresorhus"
      }
    },
    "node_modules/glob": {
      "version": "7.1.6",
      "resolved": "https://registry.npmjs.org/glob/-/glob-7.1.6.tgz",
      "integrity": "sha512-LwaxwyZ72Lk7vZINtNNrywX0ZuLyStrdDtabefZKAY5ZGJhVtgdznluResxNmPitE0SAO+O26sWTHeKSI2wMBA==",
      "dev": true,
      "dependencies": {
        "fs.realpath": "^1.0.0",
        "inflight": "^1.0.4",
        "inherits": "2",
        "minimatch": "^3.0.4",
        "once": "^1.3.0",
        "path-is-absolute": "^1.0.0"
      },
      "engines": {
        "node": "*"
      },
      "funding": {
        "url": "https://github.com/sponsors/isaacs"
      }
    },
    "node_modules/glob-parent": {
      "version": "5.1.2",
      "resolved": "https://registry.npmjs.org/glob-parent/-/glob-parent-5.1.2.tgz",
      "integrity": "sha512-AOIgSQCepiJYwP3ARnGx+5VnTu2HBYdzbGP45eLw1vr3zB3vZLeyed1sC9hnbcOc9/SrMyM5RPQrkGz4aS9Zow==",
      "dev": true,
      "dependencies": {
        "is-glob": "^4.0.1"
      },
      "engines": {
        "node": ">= 6"
      }
    },
    "node_modules/gopd": {
      "version": "1.0.1",
      "resolved": "https://registry.npmjs.org/gopd/-/gopd-1.0.1.tgz",
      "integrity": "sha512-d65bNlIadxvpb/A2abVdlqKqV563juRnZ1Wtk6s1sIR8uNsXR70xqIzVqxVf1eTqDunwT2MkczEeaezCKTZhwA==",
      "dev": true,
      "dependencies": {
        "get-intrinsic": "^1.1.3"
      },
      "funding": {
        "url": "https://github.com/sponsors/ljharb"
      }
    },
    "node_modules/graceful-fs": {
      "version": "4.2.11",
      "resolved": "https://registry.npmjs.org/graceful-fs/-/graceful-fs-4.2.11.tgz",
      "integrity": "sha512-RbJ5/jmFcNNCcDV5o9eTnBLJ/HszWV0P73bc+Ff4nS/rJj+YaS6IGyiOL0VoBYX+l1Wrl3k63h/KrH+nhJ0XvQ==",
      "dev": true
    },
    "node_modules/growl": {
      "version": "1.10.5",
      "resolved": "https://registry.npmjs.org/growl/-/growl-1.10.5.tgz",
      "integrity": "sha512-qBr4OuELkhPenW6goKVXiv47US3clb3/IbuWF9KNKEijAy9oeHxU9IgzjvJhHkUzhaj7rOUD7+YGWqUjLp5oSA==",
      "dev": true,
      "engines": {
        "node": ">=4.x"
      }
    },
    "node_modules/has-flag": {
      "version": "4.0.0",
      "resolved": "https://registry.npmjs.org/has-flag/-/has-flag-4.0.0.tgz",
      "integrity": "sha512-EykJT/Q1KjTWctppgIAgfSO0tKVuZUjhgMr17kqTumMl6Afv3EISleU7qZUzoXDFTAHTDC4NOoG/ZxU3EvlMPQ==",
      "dev": true,
      "engines": {
        "node": ">=8"
      }
    },
    "node_modules/has-property-descriptors": {
      "version": "1.0.1",
      "resolved": "https://registry.npmjs.org/has-property-descriptors/-/has-property-descriptors-1.0.1.tgz",
      "integrity": "sha512-VsX8eaIewvas0xnvinAe9bw4WfIeODpGYikiWYLH+dma0Jw6KHYqWiWfhQlgOVK8D6PvjubK5Uc4P0iIhIcNVg==",
      "dev": true,
      "dependencies": {
        "get-intrinsic": "^1.2.2"
      },
      "funding": {
        "url": "https://github.com/sponsors/ljharb"
      }
    },
    "node_modules/has-proto": {
      "version": "1.0.1",
      "resolved": "https://registry.npmjs.org/has-proto/-/has-proto-1.0.1.tgz",
      "integrity": "sha512-7qE+iP+O+bgF9clE5+UoBFzE65mlBiVj3tKCrlNQ0Ogwm0BjpT/gK4SlLYDMybDh5I3TCTKnPPa0oMG7JDYrhg==",
      "dev": true,
      "engines": {
        "node": ">= 0.4"
      },
      "funding": {
        "url": "https://github.com/sponsors/ljharb"
      }
    },
    "node_modules/has-symbols": {
      "version": "1.0.3",
      "resolved": "https://registry.npmjs.org/has-symbols/-/has-symbols-1.0.3.tgz",
      "integrity": "sha512-l3LCuF6MgDNwTDKkdYGEihYjt5pRPbEg46rtlmnSPlUbgmB8LOIrKJbYYFBSbnPaJexMKtiPO8hmeRjRz2Td+A==",
      "dev": true,
      "engines": {
        "node": ">= 0.4"
      },
      "funding": {
        "url": "https://github.com/sponsors/ljharb"
      }
    },
    "node_modules/hasown": {
      "version": "2.0.0",
      "resolved": "https://registry.npmjs.org/hasown/-/hasown-2.0.0.tgz",
      "integrity": "sha512-vUptKVTpIJhcczKBbgnS+RtcuYMB8+oNzPK2/Hp3hanz8JmpATdmmgLgSaadVREkDm+e2giHwY3ZRkyjSIDDFA==",
      "dev": true,
      "dependencies": {
        "function-bind": "^1.1.2"
      },
      "engines": {
        "node": ">= 0.4"
      }
    },
    "node_modules/he": {
      "version": "1.2.0",
      "resolved": "https://registry.npmjs.org/he/-/he-1.2.0.tgz",
      "integrity": "sha512-F/1DnUGPopORZi0ni+CvrCgHQ5FyEAHRLSApuYWMmrbSwoN2Mn/7k+Gl38gJnR7yyDZk6WLXwiGod1JOWNDKGw==",
      "dev": true,
      "bin": {
        "he": "bin/he"
      }
    },
    "node_modules/http-proxy": {
      "version": "1.18.1",
      "resolved": "https://registry.npmjs.org/http-proxy/-/http-proxy-1.18.1.tgz",
      "integrity": "sha512-7mz/721AbnJwIVbnaSv1Cz3Am0ZLT/UBwkC92VlxhXv/k/BBQfM2fXElQNC27BVGr0uwUpplYPQM9LnaBMR5NQ==",
      "dev": true,
      "dependencies": {
        "eventemitter3": "^4.0.0",
        "follow-redirects": "^1.0.0",
        "requires-port": "^1.0.0"
      },
      "engines": {
        "node": ">=8.0.0"
      }
    },
    "node_modules/http-server": {
      "version": "0.12.3",
      "resolved": "https://registry.npmjs.org/http-server/-/http-server-0.12.3.tgz",
      "integrity": "sha512-be0dKG6pni92bRjq0kvExtj/NrrAd28/8fCXkaI/4piTwQMSDSLMhWyW0NI1V+DBI3aa1HMlQu46/HjVLfmugA==",
      "dev": true,
      "dependencies": {
        "basic-auth": "^1.0.3",
        "colors": "^1.4.0",
        "corser": "^2.0.1",
        "ecstatic": "^3.3.2",
        "http-proxy": "^1.18.0",
        "minimist": "^1.2.5",
        "opener": "^1.5.1",
        "portfinder": "^1.0.25",
        "secure-compare": "3.0.1",
        "union": "~0.5.0"
      },
      "bin": {
        "hs": "bin/http-server",
        "http-server": "bin/http-server"
      },
      "engines": {
        "node": ">=6"
      }
    },
    "node_modules/https-proxy-agent": {
      "version": "5.0.1",
      "resolved": "https://registry.npmjs.org/https-proxy-agent/-/https-proxy-agent-5.0.1.tgz",
      "integrity": "sha512-dFcAjpTQFgoLMzC2VwU+C/CbS7uRL0lWmxDITmqm7C+7F0Odmj6s9l6alZc6AELXhrnggM2CeWSXHGOdX2YtwA==",
      "dev": true,
      "dependencies": {
        "agent-base": "6",
        "debug": "4"
      },
      "engines": {
        "node": ">= 6"
      }
    },
    "node_modules/inflight": {
      "version": "1.0.6",
      "resolved": "https://registry.npmjs.org/inflight/-/inflight-1.0.6.tgz",
      "integrity": "sha512-k92I/b08q4wvFscXCLvqfsHCrjrF7yiXsQuIVvVE7N82W3+aqpzuUdBbfhWcy/FZR3/4IgflMgKLOsvPDrGCJA==",
      "dev": true,
      "dependencies": {
        "once": "^1.3.0",
        "wrappy": "1"
      }
    },
    "node_modules/inherits": {
      "version": "2.0.4",
      "resolved": "https://registry.npmjs.org/inherits/-/inherits-2.0.4.tgz",
      "integrity": "sha512-k/vGaX4/Yla3WzyMCvTQOXYeIHvqOKtnqBduzTHpzpQZzAskKMhZ2K+EnBiSM9zGSoIFeMpXKxa4dYeZIQqewQ==",
      "dev": true
    },
    "node_modules/is-binary-path": {
      "version": "2.1.0",
      "resolved": "https://registry.npmjs.org/is-binary-path/-/is-binary-path-2.1.0.tgz",
      "integrity": "sha512-ZMERYes6pDydyuGidse7OsHxtbI7WVeUEozgR/g7rd0xUimYNlvZRE/K2MgZTjWy725IfelLeVcEM97mmtRGXw==",
      "dev": true,
      "dependencies": {
        "binary-extensions": "^2.0.0"
      },
      "engines": {
        "node": ">=8"
      }
    },
    "node_modules/is-extglob": {
      "version": "2.1.1",
      "resolved": "https://registry.npmjs.org/is-extglob/-/is-extglob-2.1.1.tgz",
      "integrity": "sha512-SbKbANkN603Vi4jEZv49LeVJMn4yGwsbzZworEoyEiutsN3nJYdbO36zfhGJ6QEDpOZIFkDtnq5JRxmvl3jsoQ==",
      "dev": true,
      "engines": {
        "node": ">=0.10.0"
      }
    },
    "node_modules/is-fullwidth-code-point": {
      "version": "2.0.0",
      "resolved": "https://registry.npmjs.org/is-fullwidth-code-point/-/is-fullwidth-code-point-2.0.0.tgz",
      "integrity": "sha512-VHskAKYM8RfSFXwee5t5cbN5PZeq1Wrh6qd5bkyiXIf6UQcN6w/A0eXM9r6t8d+GYOh+o6ZhiEnb88LN/Y8m2w==",
      "dev": true,
      "engines": {
        "node": ">=4"
      }
    },
    "node_modules/is-glob": {
      "version": "4.0.3",
      "resolved": "https://registry.npmjs.org/is-glob/-/is-glob-4.0.3.tgz",
      "integrity": "sha512-xelSayHH36ZgE7ZWhli7pW34hNbNl8Ojv5KVmkJD4hBdD3th8Tfk9vYasLM+mXWOZhFkgZfxhLSnrwRr4elSSg==",
      "dev": true,
      "dependencies": {
        "is-extglob": "^2.1.1"
      },
      "engines": {
        "node": ">=0.10.0"
      }
    },
    "node_modules/is-number": {
      "version": "7.0.0",
      "resolved": "https://registry.npmjs.org/is-number/-/is-number-7.0.0.tgz",
      "integrity": "sha512-41Cifkg6e8TylSpdtTpeLVMqvSBEVzTttHvERD741+pnZ8ANv0004MRL43QKPDlK9cGvNp6NZWZUBlbGXYxxng==",
      "dev": true,
      "engines": {
        "node": ">=0.12.0"
      }
    },
    "node_modules/is-plain-obj": {
      "version": "2.1.0",
      "resolved": "https://registry.npmjs.org/is-plain-obj/-/is-plain-obj-2.1.0.tgz",
      "integrity": "sha512-YWnfyRwxL/+SsrWYfOpUtz5b3YD+nyfkHvjbcanzk8zgyO4ASD67uVMRt8k5bM4lLMDnXfriRhOpemw+NfT1eA==",
      "dev": true,
      "engines": {
        "node": ">=8"
      }
    },
    "node_modules/isexe": {
      "version": "2.0.0",
      "resolved": "https://registry.npmjs.org/isexe/-/isexe-2.0.0.tgz",
      "integrity": "sha512-RHxMLp9lnKHGHRng9QFhRCMbYAcVpn69smSGcq3f36xjgVVWThj4qqLbTLlq7Ssj8B+fIQ1EuCEGI2lKsyQeIw==",
      "dev": true
    },
    "node_modules/jpeg-js": {
      "version": "0.4.4",
      "resolved": "https://registry.npmjs.org/jpeg-js/-/jpeg-js-0.4.4.tgz",
      "integrity": "sha512-WZzeDOEtTOBK4Mdsar0IqEU5sMr3vSV2RqkAIzUEV2BHnUfKGyswWFPFwK5EeDo93K3FohSHbLAjj0s1Wzd+dg==",
      "dev": true
    },
    "node_modules/js-yaml": {
      "version": "4.0.0",
      "resolved": "https://registry.npmjs.org/js-yaml/-/js-yaml-4.0.0.tgz",
      "integrity": "sha512-pqon0s+4ScYUvX30wxQi3PogGFAlUyH0awepWvwkj4jD4v+ova3RiYw8bmA6x2rDrEaj8i/oWKoRxpVNW+Re8Q==",
      "dev": true,
      "dependencies": {
        "argparse": "^2.0.1"
      },
      "bin": {
        "js-yaml": "bin/js-yaml.js"
      }
    },
    "node_modules/locate-path": {
      "version": "6.0.0",
      "resolved": "https://registry.npmjs.org/locate-path/-/locate-path-6.0.0.tgz",
      "integrity": "sha512-iPZK6eYjbxRu3uB4/WZ3EsEIMJFMqAoopl3R+zuq0UjcAm/MO6KCweDgPfP3elTztoKP3KtnVHxTn2NHBSDVUw==",
      "dev": true,
      "dependencies": {
        "p-locate": "^5.0.0"
      },
      "engines": {
        "node": ">=10"
      },
      "funding": {
        "url": "https://github.com/sponsors/sindresorhus"
      }
    },
    "node_modules/lodash": {
      "version": "4.17.21",
      "resolved": "https://registry.npmjs.org/lodash/-/lodash-4.17.21.tgz",
      "integrity": "sha512-v2kDEe57lecTulaDIuNTPy3Ry4gLGJ6Z1O3vE1krgXZNrsQ+LFTGHVxVjcXPs17LhbZVGedAJv8XZ1tvj5FvSg==",
      "dev": true
    },
    "node_modules/log-symbols": {
      "version": "4.0.0",
      "resolved": "https://registry.npmjs.org/log-symbols/-/log-symbols-4.0.0.tgz",
      "integrity": "sha512-FN8JBzLx6CzeMrB0tg6pqlGU1wCrXW+ZXGH481kfsBqer0hToTIiHdjH4Mq8xJUbvATujKCvaREGWpGUionraA==",
      "dev": true,
      "dependencies": {
        "chalk": "^4.0.0"
      },
      "engines": {
        "node": ">=10"
      }
    },
    "node_modules/mime": {
      "version": "1.6.0",
      "resolved": "https://registry.npmjs.org/mime/-/mime-1.6.0.tgz",
      "integrity": "sha512-x0Vn8spI+wuJ1O6S7gnbaQg8Pxh4NNHb7KSINmEWKiPE4RKOplvijn+NkmYmmRgP68mc70j2EbeTFRsrswaQeg==",
      "dev": true,
      "bin": {
        "mime": "cli.js"
      },
      "engines": {
        "node": ">=4"
      }
    },
    "node_modules/minimatch": {
      "version": "3.0.4",
      "resolved": "https://registry.npmjs.org/minimatch/-/minimatch-3.0.4.tgz",
      "integrity": "sha512-yJHVQEhyqPLUTgt9B83PXu6W3rx4MvvHvSUvToogpwoGDOUQ+yDrR0HRot+yOCdCO7u4hX3pWft6kWBBcqh0UA==",
      "dev": true,
      "dependencies": {
        "brace-expansion": "^1.1.7"
      },
      "engines": {
        "node": "*"
      }
    },
    "node_modules/minimist": {
      "version": "1.2.8",
      "resolved": "https://registry.npmjs.org/minimist/-/minimist-1.2.8.tgz",
      "integrity": "sha512-2yyAR8qBkN3YuheJanUpWC5U3bb5osDywNB8RzDVlDwDHbocAJveqqj1u8+SVD7jkWT4yvsHCpWqqWqAxb0zCA==",
      "dev": true,
      "funding": {
        "url": "https://github.com/sponsors/ljharb"
      }
    },
    "node_modules/mkdirp": {
      "version": "0.5.6",
      "resolved": "https://registry.npmjs.org/mkdirp/-/mkdirp-0.5.6.tgz",
      "integrity": "sha512-FP+p8RB8OWpF3YZBCrP5gtADmtXApB5AMLn+vdyA+PyxCjrCs00mjyUozssO33cwDeT3wNGdLxJ5M//YqtHAJw==",
      "dev": true,
      "dependencies": {
        "minimist": "^1.2.6"
      },
      "bin": {
        "mkdirp": "bin/cmd.js"
      }
    },
    "node_modules/mocha": {
      "version": "8.3.2",
      "resolved": "https://registry.npmjs.org/mocha/-/mocha-8.3.2.tgz",
      "integrity": "sha512-UdmISwr/5w+uXLPKspgoV7/RXZwKRTiTjJ2/AC5ZiEztIoOYdfKb19+9jNmEInzx5pBsCyJQzarAxqIGBNYJhg==",
      "dev": true,
      "dependencies": {
        "@ungap/promise-all-settled": "1.1.2",
        "ansi-colors": "4.1.1",
        "browser-stdout": "1.3.1",
        "chokidar": "3.5.1",
        "debug": "4.3.1",
        "diff": "5.0.0",
        "escape-string-regexp": "4.0.0",
        "find-up": "5.0.0",
        "glob": "7.1.6",
        "growl": "1.10.5",
        "he": "1.2.0",
        "js-yaml": "4.0.0",
        "log-symbols": "4.0.0",
        "minimatch": "3.0.4",
        "ms": "2.1.3",
        "nanoid": "3.1.20",
        "serialize-javascript": "5.0.1",
        "strip-json-comments": "3.1.1",
        "supports-color": "8.1.1",
        "which": "2.0.2",
        "wide-align": "1.1.3",
        "workerpool": "6.1.0",
        "yargs": "16.2.0",
        "yargs-parser": "20.2.4",
        "yargs-unparser": "2.0.0"
      },
      "bin": {
        "_mocha": "bin/_mocha",
        "mocha": "bin/mocha"
      },
      "engines": {
        "node": ">= 10.12.0"
      },
      "funding": {
        "type": "opencollective",
        "url": "https://opencollective.com/mochajs"
      }
    },
    "node_modules/ms": {
      "version": "2.1.3",
      "resolved": "https://registry.npmjs.org/ms/-/ms-2.1.3.tgz",
      "integrity": "sha512-6FlzubTLZG3J2a/NVCAleEhjzq5oxgHyaCU9yYXvcLsvoVaHJq/s5xXI6/XXP6tz7R9xAOtHnSO/tXtF3WRTlA==",
      "dev": true
    },
    "node_modules/nanoid": {
      "version": "3.1.20",
      "resolved": "https://registry.npmjs.org/nanoid/-/nanoid-3.1.20.tgz",
      "integrity": "sha512-a1cQNyczgKbLX9jwbS/+d7W8fX/RfgYR7lVWwWOGIPNgK2m0MWvrGF6/m4kk6U3QcFMnZf3RIhL0v2Jgh/0Uxw==",
      "dev": true,
      "bin": {
        "nanoid": "bin/nanoid.cjs"
      },
      "engines": {
        "node": "^10 || ^12 || ^13.7 || ^14 || >=15.0.1"
      }
    },
    "node_modules/normalize-path": {
      "version": "3.0.0",
      "resolved": "https://registry.npmjs.org/normalize-path/-/normalize-path-3.0.0.tgz",
      "integrity": "sha512-6eZs5Ls3WtCisHWp9S2GUy8dqkpGi4BVSz3GaqiE6ezub0512ESztXUwUB6C6IKbQkY2Pnb/mD4WYojCRwcwLA==",
      "dev": true,
      "engines": {
        "node": ">=0.10.0"
      }
    },
    "node_modules/object-inspect": {
      "version": "1.13.1",
      "resolved": "https://registry.npmjs.org/object-inspect/-/object-inspect-1.13.1.tgz",
      "integrity": "sha512-5qoj1RUiKOMsCCNLV1CBiPYE10sziTsnmNxkAI/rZhiD63CF7IqdFGC/XzjWjpSgLf0LxXX3bDFIh0E18f6UhQ==",
      "dev": true,
      "funding": {
        "url": "https://github.com/sponsors/ljharb"
      }
    },
    "node_modules/once": {
      "version": "1.4.0",
      "resolved": "https://registry.npmjs.org/once/-/once-1.4.0.tgz",
      "integrity": "sha512-lNaJgI+2Q5URQBkccEKHTQOPaXdUxnZZElQTZY0MFUAuaEqe1E+Nyvgdz/aIyNi6Z9MzO5dv1H8n58/GELp3+w==",
      "dev": true,
      "dependencies": {
        "wrappy": "1"
      }
    },
    "node_modules/opener": {
      "version": "1.5.2",
      "resolved": "https://registry.npmjs.org/opener/-/opener-1.5.2.tgz",
      "integrity": "sha512-ur5UIdyw5Y7yEj9wLzhqXiy6GZ3Mwx0yGI+5sMn2r0N0v3cKJvUmFH5yPP+WXh9e0xfyzyJX95D8l088DNFj7A==",
      "dev": true,
      "bin": {
        "opener": "bin/opener-bin.js"
      }
    },
    "node_modules/p-limit": {
      "version": "3.1.0",
      "resolved": "https://registry.npmjs.org/p-limit/-/p-limit-3.1.0.tgz",
      "integrity": "sha512-TYOanM3wGwNGsZN2cVTYPArw454xnXj5qmWF1bEoAc4+cU/ol7GVh7odevjp1FNHduHc3KZMcFduxU5Xc6uJRQ==",
      "dev": true,
      "dependencies": {
        "yocto-queue": "^0.1.0"
      },
      "engines": {
        "node": ">=10"
      },
      "funding": {
        "url": "https://github.com/sponsors/sindresorhus"
      }
    },
    "node_modules/p-locate": {
      "version": "5.0.0",
      "resolved": "https://registry.npmjs.org/p-locate/-/p-locate-5.0.0.tgz",
      "integrity": "sha512-LaNjtRWUBY++zB5nE/NwcaoMylSPk+S+ZHNB1TzdbMJMny6dynpAGt7X/tl/QYq3TIeE6nxHppbo2LGymrG5Pw==",
      "dev": true,
      "dependencies": {
        "p-limit": "^3.0.2"
      },
      "engines": {
        "node": ">=10"
      },
      "funding": {
        "url": "https://github.com/sponsors/sindresorhus"
      }
    },
    "node_modules/path-exists": {
      "version": "4.0.0",
      "resolved": "https://registry.npmjs.org/path-exists/-/path-exists-4.0.0.tgz",
      "integrity": "sha512-ak9Qy5Q7jYb2Wwcey5Fpvg2KoAc/ZIhLSLOSBmRmygPsGwkVVt0fZa0qrtMz+m6tJTAHfZQ8FnmB4MG4LWy7/w==",
      "dev": true,
      "engines": {
        "node": ">=8"
      }
    },
    "node_modules/path-is-absolute": {
      "version": "1.0.1",
      "resolved": "https://registry.npmjs.org/path-is-absolute/-/path-is-absolute-1.0.1.tgz",
      "integrity": "sha512-AVbw3UJ2e9bq64vSaS9Am0fje1Pa8pbGqTTsmXfaIiMpnr5DlDhfJOuLj9Sf95ZPVDAUerDfEk88MPmPe7UCQg==",
      "dev": true,
      "engines": {
        "node": ">=0.10.0"
      }
    },
    "node_modules/pathval": {
      "version": "1.1.1",
      "resolved": "https://registry.npmjs.org/pathval/-/pathval-1.1.1.tgz",
      "integrity": "sha512-Dp6zGqpTdETdR63lehJYPeIOqpiNBNtc7BpWSLrOje7UaIsE5aY92r/AunQA7rsXvet3lrJ3JnZX29UPTKXyKQ==",
      "dev": true,
      "engines": {
        "node": "*"
      }
    },
    "node_modules/pend": {
      "version": "1.2.0",
      "resolved": "https://registry.npmjs.org/pend/-/pend-1.2.0.tgz",
      "integrity": "sha512-F3asv42UuXchdzt+xXqfW1OGlVBe+mxa2mqI0pg5yAHZPvFmY3Y6drSf/GQ1A86WgWEN9Kzh/WrgKa6iGcHXLg==",
      "dev": true
    },
    "node_modules/picomatch": {
      "version": "2.3.1",
      "resolved": "https://registry.npmjs.org/picomatch/-/picomatch-2.3.1.tgz",
      "integrity": "sha512-JU3teHTNjmE2VCGFzuY8EXzCDVwEqB2a8fsIvwaStHhAWJEeVd1o1QD80CU6+ZdEXXSLbSsuLwJjkCBWqRQUVA==",
      "dev": true,
      "engines": {
        "node": ">=8.6"
      },
      "funding": {
        "url": "https://github.com/sponsors/jonschlinkert"
      }
    },
    "node_modules/playwright-chromium": {
      "version": "1.9.2",
      "resolved": "https://registry.npmjs.org/playwright-chromium/-/playwright-chromium-1.9.2.tgz",
      "integrity": "sha512-K69dn8/oqQgZwdZYmsa8mNwNRxPZhXEFac2Owvn9Mx3TKI0bbSDjJcGRO8YYAvFW1WMyqijRzoefq2B8h05dyQ==",
      "dev": true,
      "hasInstallScript": true,
      "dependencies": {
        "commander": "^6.1.0",
        "debug": "^4.1.1",
        "extract-zip": "^2.0.1",
        "https-proxy-agent": "^5.0.0",
        "jpeg-js": "^0.4.2",
        "mime": "^2.4.6",
        "pngjs": "^5.0.0",
        "progress": "^2.0.3",
        "proper-lockfile": "^4.1.1",
        "proxy-from-env": "^1.1.0",
        "rimraf": "^3.0.2",
        "stack-utils": "^2.0.3",
        "ws": "^7.3.1"
      },
      "bin": {
        "playwright": "lib/cli/cli.js"
      },
      "engines": {
        "node": ">=10.17.0"
      }
    },
    "node_modules/playwright-chromium/node_modules/mime": {
      "version": "2.6.0",
      "resolved": "https://registry.npmjs.org/mime/-/mime-2.6.0.tgz",
      "integrity": "sha512-USPkMeET31rOMiarsBNIHZKLGgvKc/LrjofAnBlOttf5ajRvqiRA8QsenbcooctK6d6Ts6aqZXBA+XbkKthiQg==",
      "dev": true,
      "bin": {
        "mime": "cli.js"
      },
      "engines": {
        "node": ">=4.0.0"
      }
    },
    "node_modules/pngjs": {
      "version": "5.0.0",
      "resolved": "https://registry.npmjs.org/pngjs/-/pngjs-5.0.0.tgz",
      "integrity": "sha512-40QW5YalBNfQo5yRYmiw7Yz6TKKVr3h6970B2YE+3fQpsWcrbj1PzJgxeJ19DRQjhMbKPIuMY8rFaXc8moolVw==",
      "dev": true,
      "engines": {
        "node": ">=10.13.0"
      }
    },
    "node_modules/portfinder": {
      "version": "1.0.32",
      "resolved": "https://registry.npmjs.org/portfinder/-/portfinder-1.0.32.tgz",
      "integrity": "sha512-on2ZJVVDXRADWE6jnQaX0ioEylzgBpQk8r55NE4wjXW1ZxO+BgDlY6DXwj20i0V8eB4SenDQ00WEaxfiIQPcxg==",
      "dev": true,
      "dependencies": {
        "async": "^2.6.4",
        "debug": "^3.2.7",
        "mkdirp": "^0.5.6"
      },
      "engines": {
        "node": ">= 0.12.0"
      }
    },
    "node_modules/portfinder/node_modules/debug": {
      "version": "3.2.7",
      "resolved": "https://registry.npmjs.org/debug/-/debug-3.2.7.tgz",
      "integrity": "sha512-CFjzYYAi4ThfiQvizrFQevTTXHtnCqWfe7x1AhgEscTz6ZbLbfoLRLPugTQyBth6f8ZERVUSyWHFD/7Wu4t1XQ==",
      "dev": true,
      "dependencies": {
        "ms": "^2.1.1"
      }
    },
    "node_modules/progress": {
      "version": "2.0.3",
      "resolved": "https://registry.npmjs.org/progress/-/progress-2.0.3.tgz",
      "integrity": "sha512-7PiHtLll5LdnKIMw100I+8xJXR5gW2QwWYkT6iJva0bXitZKa/XMrSbdmg3r2Xnaidz9Qumd0VPaMrZlF9V9sA==",
      "dev": true,
      "engines": {
        "node": ">=0.4.0"
      }
    },
    "node_modules/proper-lockfile": {
      "version": "4.1.2",
      "resolved": "https://registry.npmjs.org/proper-lockfile/-/proper-lockfile-4.1.2.tgz",
      "integrity": "sha512-TjNPblN4BwAWMXU8s9AEz4JmQxnD1NNL7bNOY/AKUzyamc379FWASUhc/K1pL2noVb+XmZKLL68cjzLsiOAMaA==",
      "dev": true,
      "dependencies": {
        "graceful-fs": "^4.2.4",
        "retry": "^0.12.0",
        "signal-exit": "^3.0.2"
      }
    },
    "node_modules/proxy-from-env": {
      "version": "1.1.0",
      "resolved": "https://registry.npmjs.org/proxy-from-env/-/proxy-from-env-1.1.0.tgz",
      "integrity": "sha512-D+zkORCbA9f1tdWRK0RaCR3GPv50cMxcrz4X8k5LTSUD1Dkw47mKJEZQNunItRTkWwgtaUSo1RVFRIG9ZXiFYg==",
      "dev": true
    },
    "node_modules/pump": {
      "version": "3.0.0",
      "resolved": "https://registry.npmjs.org/pump/-/pump-3.0.0.tgz",
      "integrity": "sha512-LwZy+p3SFs1Pytd/jYct4wpv49HiYCqd9Rlc5ZVdk0V+8Yzv6jR5Blk3TRmPL1ft69TxP0IMZGJ+WPFU2BFhww==",
      "dev": true,
      "dependencies": {
        "end-of-stream": "^1.1.0",
        "once": "^1.3.1"
      }
    },
    "node_modules/qs": {
      "version": "6.11.2",
      "resolved": "https://registry.npmjs.org/qs/-/qs-6.11.2.tgz",
      "integrity": "sha512-tDNIz22aBzCDxLtVH++VnTfzxlfeK5CbqohpSqpJgj1Wg/cQbStNAz3NuqCs5vV+pjBsK4x4pN9HlVh7rcYRiA==",
      "dev": true,
      "dependencies": {
        "side-channel": "^1.0.4"
      },
      "engines": {
        "node": ">=0.6"
      },
      "funding": {
        "url": "https://github.com/sponsors/ljharb"
      }
    },
    "node_modules/randombytes": {
      "version": "2.1.0",
      "resolved": "https://registry.npmjs.org/randombytes/-/randombytes-2.1.0.tgz",
      "integrity": "sha512-vYl3iOX+4CKUWuxGi9Ukhie6fsqXqS9FE2Zaic4tNFD2N2QQaXOMFbuKK4QmDHC0JO6B1Zp41J0LpT0oR68amQ==",
      "dev": true,
      "dependencies": {
        "safe-buffer": "^5.1.0"
      }
    },
    "node_modules/readdirp": {
      "version": "3.5.0",
      "resolved": "https://registry.npmjs.org/readdirp/-/readdirp-3.5.0.tgz",
      "integrity": "sha512-cMhu7c/8rdhkHXWsY+osBhfSy0JikwpHK/5+imo+LpeasTF8ouErHrlYkwT0++njiyuDvc7OFY5T3ukvZ8qmFQ==",
      "dev": true,
      "dependencies": {
        "picomatch": "^2.2.1"
      },
      "engines": {
        "node": ">=8.10.0"
      }
    },
    "node_modules/require-directory": {
      "version": "2.1.1",
      "resolved": "https://registry.npmjs.org/require-directory/-/require-directory-2.1.1.tgz",
      "integrity": "sha512-fGxEI7+wsG9xrvdjsrlmL22OMTTiHRwAMroiEeMgq8gzoLC/PQr7RsRDSTLUg/bZAZtF+TVIkHc6/4RIKrui+Q==",
      "dev": true,
      "engines": {
        "node": ">=0.10.0"
      }
    },
    "node_modules/requires-port": {
      "version": "1.0.0",
      "resolved": "https://registry.npmjs.org/requires-port/-/requires-port-1.0.0.tgz",
      "integrity": "sha512-KigOCHcocU3XODJxsu8i/j8T9tzT4adHiecwORRQ0ZZFcp7ahwXuRU1m+yuO90C5ZUyGeGfocHDI14M3L3yDAQ==",
      "dev": true
    },
    "node_modules/retry": {
      "version": "0.12.0",
      "resolved": "https://registry.npmjs.org/retry/-/retry-0.12.0.tgz",
      "integrity": "sha512-9LkiTwjUh6rT555DtE9rTX+BKByPfrMzEAtnlEtdEwr3Nkffwiihqe2bWADg+OQRjt9gl6ICdmB/ZFDCGAtSow==",
      "dev": true,
      "engines": {
        "node": ">= 4"
      }
    },
    "node_modules/rimraf": {
      "version": "3.0.2",
      "resolved": "https://registry.npmjs.org/rimraf/-/rimraf-3.0.2.tgz",
      "integrity": "sha512-JZkJMZkAGFFPP2YqXZXPbMlMBgsxzE8ILs4lMIX/2o0L9UBw9O/Y3o6wFw/i9YLapcUJWwqbi3kdxIPdC62TIA==",
      "dev": true,
      "dependencies": {
        "glob": "^7.1.3"
      },
      "bin": {
        "rimraf": "bin.js"
      },
      "funding": {
        "url": "https://github.com/sponsors/isaacs"
      }
    },
    "node_modules/safe-buffer": {
      "version": "5.2.1",
      "resolved": "https://registry.npmjs.org/safe-buffer/-/safe-buffer-5.2.1.tgz",
      "integrity": "sha512-rp3So07KcdmmKbGvgaNxQSJr7bGVSVk5S9Eq1F+ppbRo70+YeaDxkw5Dd8NPN+GD6bjnYm2VuPuCXmpuYvmCXQ==",
      "dev": true,
      "funding": [
        {
          "type": "github",
          "url": "https://github.com/sponsors/feross"
        },
        {
          "type": "patreon",
          "url": "https://www.patreon.com/feross"
        },
        {
          "type": "consulting",
          "url": "https://feross.org/support"
        }
      ]
    },
    "node_modules/secure-compare": {
      "version": "3.0.1",
      "resolved": "https://registry.npmjs.org/secure-compare/-/secure-compare-3.0.1.tgz",
      "integrity": "sha512-AckIIV90rPDcBcglUwXPF3kg0P0qmPsPXAj6BBEENQE1p5yA1xfmDJzfi1Tappj37Pv2mVbKpL3Z1T+Nn7k1Qw==",
      "dev": true
    },
    "node_modules/serialize-javascript": {
      "version": "5.0.1",
      "resolved": "https://registry.npmjs.org/serialize-javascript/-/serialize-javascript-5.0.1.tgz",
      "integrity": "sha512-SaaNal9imEO737H2c05Og0/8LUXG7EnsZyMa8MzkmuHoELfT6txuj0cMqRj6zfPKnmQ1yasR4PCJc8x+M4JSPA==",
      "dev": true,
      "dependencies": {
        "randombytes": "^2.1.0"
      }
    },
    "node_modules/set-function-length": {
      "version": "1.1.1",
      "resolved": "https://registry.npmjs.org/set-function-length/-/set-function-length-1.1.1.tgz",
      "integrity": "sha512-VoaqjbBJKiWtg4yRcKBQ7g7wnGnLV3M8oLvVWwOk2PdYY6PEFegR1vezXR0tw6fZGF9csVakIRjrJiy2veSBFQ==",
      "dev": true,
      "dependencies": {
        "define-data-property": "^1.1.1",
        "get-intrinsic": "^1.2.1",
        "gopd": "^1.0.1",
        "has-property-descriptors": "^1.0.0"
      },
      "engines": {
        "node": ">= 0.4"
      }
    },
    "node_modules/side-channel": {
      "version": "1.0.4",
      "resolved": "https://registry.npmjs.org/side-channel/-/side-channel-1.0.4.tgz",
      "integrity": "sha512-q5XPytqFEIKHkGdiMIrY10mvLRvnQh42/+GoBlFW3b2LXLE2xxJpZFdm94we0BaoV3RwJyGqg5wS7epxTv0Zvw==",
      "dev": true,
      "dependencies": {
        "call-bind": "^1.0.0",
        "get-intrinsic": "^1.0.2",
        "object-inspect": "^1.9.0"
      },
      "funding": {
        "url": "https://github.com/sponsors/ljharb"
      }
    },
    "node_modules/signal-exit": {
      "version": "3.0.7",
      "resolved": "https://registry.npmjs.org/signal-exit/-/signal-exit-3.0.7.tgz",
      "integrity": "sha512-wnD2ZE+l+SPC/uoS0vXeE9L1+0wuaMqKlfz9AMUo38JsyLSBWSFcHR1Rri62LZc12vLr1gb3jl7iwQhgwpAbGQ==",
      "dev": true
    },
    "node_modules/stack-utils": {
      "version": "2.0.6",
      "resolved": "https://registry.npmjs.org/stack-utils/-/stack-utils-2.0.6.tgz",
      "integrity": "sha512-XlkWvfIm6RmsWtNJx+uqtKLS8eqFbxUg0ZzLXqY0caEy9l7hruX8IpiDnjsLavoBgqCCR71TqWO8MaXYheJ3RQ==",
      "dev": true,
      "dependencies": {
        "escape-string-regexp": "^2.0.0"
      },
      "engines": {
        "node": ">=10"
      }
    },
    "node_modules/stack-utils/node_modules/escape-string-regexp": {
      "version": "2.0.0",
      "resolved": "https://registry.npmjs.org/escape-string-regexp/-/escape-string-regexp-2.0.0.tgz",
      "integrity": "sha512-UpzcLCXolUWcNu5HtVMHYdXJjArjsF9C0aNnquZYY4uW/Vu0miy5YoWvbV345HauVvcAUnpRuhMMcqTcGOY2+w==",
      "dev": true,
      "engines": {
        "node": ">=8"
      }
    },
    "node_modules/string-width": {
      "version": "2.1.1",
      "resolved": "https://registry.npmjs.org/string-width/-/string-width-2.1.1.tgz",
      "integrity": "sha512-nOqH59deCq9SRHlxq1Aw85Jnt4w6KvLKqWVik6oA9ZklXLNIOlqg4F2yrT1MVaTjAqvVwdfeZ7w7aCvJD7ugkw==",
      "dev": true,
      "dependencies": {
        "is-fullwidth-code-point": "^2.0.0",
        "strip-ansi": "^4.0.0"
      },
      "engines": {
        "node": ">=4"
      }
    },
    "node_modules/strip-ansi": {
      "version": "4.0.0",
      "resolved": "https://registry.npmjs.org/strip-ansi/-/strip-ansi-4.0.0.tgz",
      "integrity": "sha512-4XaJ2zQdCzROZDivEVIDPkcQn8LMFSa8kj8Gxb/Lnwzv9A8VctNZ+lfivC/sV3ivW8ElJTERXZoPBRrZKkNKow==",
      "dev": true,
      "dependencies": {
        "ansi-regex": "^3.0.0"
      },
      "engines": {
        "node": ">=4"
      }
    },
    "node_modules/strip-json-comments": {
      "version": "3.1.1",
      "resolved": "https://registry.npmjs.org/strip-json-comments/-/strip-json-comments-3.1.1.tgz",
      "integrity": "sha512-6fPc+R4ihwqP6N/aIv2f1gMH8lOVtWQHoqC4yK6oSDVVocumAsfCqjkXnqiYMhmMwS/mEHLp7Vehlt3ql6lEig==",
      "dev": true,
      "engines": {
        "node": ">=8"
      },
      "funding": {
        "url": "https://github.com/sponsors/sindresorhus"
      }
    },
    "node_modules/supports-color": {
      "version": "8.1.1",
      "resolved": "https://registry.npmjs.org/supports-color/-/supports-color-8.1.1.tgz",
      "integrity": "sha512-MpUEN2OodtUzxvKQl72cUF7RQ5EiHsGvSsVG0ia9c5RbWGL2CI4C7EpPS8UTBIplnlzZiNuV56w+FuNxy3ty2Q==",
      "dev": true,
      "dependencies": {
        "has-flag": "^4.0.0"
      },
      "engines": {
        "node": ">=10"
      },
      "funding": {
        "url": "https://github.com/chalk/supports-color?sponsor=1"
      }
    },
    "node_modules/to-regex-range": {
      "version": "5.0.1",
      "resolved": "https://registry.npmjs.org/to-regex-range/-/to-regex-range-5.0.1.tgz",
      "integrity": "sha512-65P7iz6X5yEr1cwcgvQxbbIw7Uk3gOy5dIdtZ4rDveLqhrdJP+Li/Hx6tyK0NEb+2GCyneCMJiGqrADCSNk8sQ==",
      "dev": true,
      "dependencies": {
        "is-number": "^7.0.0"
      },
      "engines": {
        "node": ">=8.0"
      }
    },
    "node_modules/type-detect": {
      "version": "4.0.8",
      "resolved": "https://registry.npmjs.org/type-detect/-/type-detect-4.0.8.tgz",
      "integrity": "sha512-0fr/mIH1dlO+x7TlcMy+bIDqKPsw/70tVyeHW787goQjhmqaZe10uwLujubK9q9Lg6Fiho1KUKDYz0Z7k7g5/g==",
      "dev": true,
      "engines": {
        "node": ">=4"
      }
    },
    "node_modules/undici-types": {
      "version": "5.26.5",
      "resolved": "https://registry.npmjs.org/undici-types/-/undici-types-5.26.5.tgz",
      "integrity": "sha512-JlCMO+ehdEIKqlFxk6IfVoAUVmgz7cU7zD/h9XZ0qzeosSHmUJVOzSQvvYSYWXkFXC+IfLKSIffhv0sVZup6pA==",
      "dev": true,
      "optional": true
    },
    "node_modules/union": {
      "version": "0.5.0",
      "resolved": "https://registry.npmjs.org/union/-/union-0.5.0.tgz",
      "integrity": "sha512-N6uOhuW6zO95P3Mel2I2zMsbsanvvtgn6jVqJv4vbVcz/JN0OkL9suomjQGmWtxJQXOCqUJvquc1sMeNz/IwlA==",
      "dev": true,
      "dependencies": {
        "qs": "^6.4.0"
      },
      "engines": {
        "node": ">= 0.8.0"
      }
    },
    "node_modules/url-join": {
      "version": "2.0.5",
      "resolved": "https://registry.npmjs.org/url-join/-/url-join-2.0.5.tgz",
      "integrity": "sha512-c2H1fIgpUdwFRIru9HFno5DT73Ok8hg5oOb5AT3ayIgvCRfxgs2jyt5Slw8kEB7j3QUr6yJmMPDT/odjk7jXow==",
      "dev": true
    },
    "node_modules/which": {
      "version": "2.0.2",
      "resolved": "https://registry.npmjs.org/which/-/which-2.0.2.tgz",
      "integrity": "sha512-BLI3Tl1TW3Pvl70l3yq3Y64i+awpwXqsGBYWkkqMtnbXgrMD+yj7rhW0kuEDxzJaYXGjEW5ogapKNMEKNMjibA==",
      "dev": true,
      "dependencies": {
        "isexe": "^2.0.0"
      },
      "bin": {
        "node-which": "bin/node-which"
      },
      "engines": {
        "node": ">= 8"
      }
    },
    "node_modules/wide-align": {
      "version": "1.1.3",
      "resolved": "https://registry.npmjs.org/wide-align/-/wide-align-1.1.3.tgz",
      "integrity": "sha512-QGkOQc8XL6Bt5PwnsExKBPuMKBxnGxWWW3fU55Xt4feHozMUhdUMaBCk290qpm/wG5u/RSKzwdAC4i51YigihA==",
      "dev": true,
      "dependencies": {
        "string-width": "^1.0.2 || 2"
      }
    },
    "node_modules/workerpool": {
      "version": "6.1.0",
      "resolved": "https://registry.npmjs.org/workerpool/-/workerpool-6.1.0.tgz",
      "integrity": "sha512-toV7q9rWNYha963Pl/qyeZ6wG+3nnsyvolaNUS8+R5Wtw6qJPTxIlOP1ZSvcGhEJw+l3HMMmtiNo9Gl61G4GVg==",
      "dev": true
    },
    "node_modules/wrap-ansi": {
      "version": "7.0.0",
      "resolved": "https://registry.npmjs.org/wrap-ansi/-/wrap-ansi-7.0.0.tgz",
      "integrity": "sha512-YVGIj2kamLSTxw6NsZjoBxfSwsn0ycdesmc4p+Q21c5zPuZ1pl+NfxVdxPtdHvmNVOQ6XSYG4AUtyt/Fi7D16Q==",
      "dev": true,
      "dependencies": {
        "ansi-styles": "^4.0.0",
        "string-width": "^4.1.0",
        "strip-ansi": "^6.0.0"
      },
      "engines": {
        "node": ">=10"
      },
      "funding": {
        "url": "https://github.com/chalk/wrap-ansi?sponsor=1"
      }
    },
    "node_modules/wrap-ansi/node_modules/ansi-regex": {
      "version": "5.0.1",
      "resolved": "https://registry.npmjs.org/ansi-regex/-/ansi-regex-5.0.1.tgz",
      "integrity": "sha512-quJQXlTSUGL2LH9SUXo8VwsY4soanhgo6LNSm84E1LBcE8s3O0wpdiRzyR9z/ZZJMlMWv37qOOb9pdJlMUEKFQ==",
      "dev": true,
      "engines": {
        "node": ">=8"
      }
    },
    "node_modules/wrap-ansi/node_modules/is-fullwidth-code-point": {
      "version": "3.0.0",
      "resolved": "https://registry.npmjs.org/is-fullwidth-code-point/-/is-fullwidth-code-point-3.0.0.tgz",
      "integrity": "sha512-zymm5+u+sCsSWyD9qNaejV3DFvhCKclKdizYaJUuHA83RLjb7nSuGnddCHGv0hk+KY7BMAlsWeK4Ueg6EV6XQg==",
      "dev": true,
      "engines": {
        "node": ">=8"
      }
    },
    "node_modules/wrap-ansi/node_modules/string-width": {
      "version": "4.2.3",
      "resolved": "https://registry.npmjs.org/string-width/-/string-width-4.2.3.tgz",
      "integrity": "sha512-wKyQRQpjJ0sIp62ErSZdGsjMJWsap5oRNihHhu6G7JVO/9jIB6UyevL+tXuOqrng8j/cxKTWyWUwvSTriiZz/g==",
      "dev": true,
      "dependencies": {
        "emoji-regex": "^8.0.0",
        "is-fullwidth-code-point": "^3.0.0",
        "strip-ansi": "^6.0.1"
      },
      "engines": {
        "node": ">=8"
      }
    },
    "node_modules/wrap-ansi/node_modules/strip-ansi": {
      "version": "6.0.1",
      "resolved": "https://registry.npmjs.org/strip-ansi/-/strip-ansi-6.0.1.tgz",
      "integrity": "sha512-Y38VPSHcqkFrCpFnQ9vuSXmquuv5oXOKpGeT6aGrr3o3Gc9AlVa6JBfUSOCnbxGGZF+/0ooI7KrPuUSztUdU5A==",
      "dev": true,
      "dependencies": {
        "ansi-regex": "^5.0.1"
      },
      "engines": {
        "node": ">=8"
      }
    },
    "node_modules/wrappy": {
      "version": "1.0.2",
      "resolved": "https://registry.npmjs.org/wrappy/-/wrappy-1.0.2.tgz",
      "integrity": "sha512-l4Sp/DRseor9wL6EvV2+TuQn63dMkPjZ/sp9XkghTEbV9KlPS1xUsZ3u7/IQO4wxtcFB4bgpQPRcR3QCvezPcQ==",
      "dev": true
    },
    "node_modules/ws": {
      "version": "7.5.9",
      "resolved": "https://registry.npmjs.org/ws/-/ws-7.5.9.tgz",
      "integrity": "sha512-F+P9Jil7UiSKSkppIiD94dN07AwvFixvLIj1Og1Rl9GGMuNipJnV9JzjD6XuqmAeiswGvUmNLjr5cFuXwNS77Q==",
      "dev": true,
      "engines": {
        "node": ">=8.3.0"
      },
      "peerDependencies": {
        "bufferutil": "^4.0.1",
        "utf-8-validate": "^5.0.2"
      },
      "peerDependenciesMeta": {
        "bufferutil": {
          "optional": true
        },
        "utf-8-validate": {
          "optional": true
        }
      }
    },
    "node_modules/y18n": {
      "version": "5.0.8",
      "resolved": "https://registry.npmjs.org/y18n/-/y18n-5.0.8.tgz",
      "integrity": "sha512-0pfFzegeDWJHJIAmTLRP2DwHjdF5s7jo9tuztdQxAhINCdvS+3nGINqPd00AphqJR/0LhANUS6/+7SCb98YOfA==",
      "dev": true,
      "engines": {
        "node": ">=10"
      }
    },
    "node_modules/yargs": {
      "version": "16.2.0",
      "resolved": "https://registry.npmjs.org/yargs/-/yargs-16.2.0.tgz",
      "integrity": "sha512-D1mvvtDG0L5ft/jGWkLpG1+m0eQxOfaBvTNELraWj22wSVUMWxZUvYgJYcKh6jGGIkJFhH4IZPQhR4TKpc8mBw==",
      "dev": true,
      "dependencies": {
        "cliui": "^7.0.2",
        "escalade": "^3.1.1",
        "get-caller-file": "^2.0.5",
        "require-directory": "^2.1.1",
        "string-width": "^4.2.0",
        "y18n": "^5.0.5",
        "yargs-parser": "^20.2.2"
      },
      "engines": {
        "node": ">=10"
      }
    },
    "node_modules/yargs-parser": {
      "version": "20.2.4",
      "resolved": "https://registry.npmjs.org/yargs-parser/-/yargs-parser-20.2.4.tgz",
      "integrity": "sha512-WOkpgNhPTlE73h4VFAFsOnomJVaovO8VqLDzy5saChRBFQFBoMYirowyW+Q9HB4HFF4Z7VZTiG3iSzJJA29yRA==",
      "dev": true,
      "engines": {
        "node": ">=10"
      }
    },
    "node_modules/yargs-unparser": {
      "version": "2.0.0",
      "resolved": "https://registry.npmjs.org/yargs-unparser/-/yargs-unparser-2.0.0.tgz",
      "integrity": "sha512-7pRTIA9Qc1caZ0bZ6RYRGbHJthJWuakf+WmHK0rVeLkNrrGhfoabBNdue6kdINI6r4if7ocq9aD/n7xwKOdzOA==",
      "dev": true,
      "dependencies": {
        "camelcase": "^6.0.0",
        "decamelize": "^4.0.0",
        "flat": "^5.0.2",
        "is-plain-obj": "^2.1.0"
      },
      "engines": {
        "node": ">=10"
      }
    },
    "node_modules/yargs/node_modules/ansi-regex": {
      "version": "5.0.1",
      "resolved": "https://registry.npmjs.org/ansi-regex/-/ansi-regex-5.0.1.tgz",
      "integrity": "sha512-quJQXlTSUGL2LH9SUXo8VwsY4soanhgo6LNSm84E1LBcE8s3O0wpdiRzyR9z/ZZJMlMWv37qOOb9pdJlMUEKFQ==",
      "dev": true,
      "engines": {
        "node": ">=8"
      }
    },
    "node_modules/yargs/node_modules/is-fullwidth-code-point": {
      "version": "3.0.0",
      "resolved": "https://registry.npmjs.org/is-fullwidth-code-point/-/is-fullwidth-code-point-3.0.0.tgz",
      "integrity": "sha512-zymm5+u+sCsSWyD9qNaejV3DFvhCKclKdizYaJUuHA83RLjb7nSuGnddCHGv0hk+KY7BMAlsWeK4Ueg6EV6XQg==",
      "dev": true,
      "engines": {
        "node": ">=8"
      }
    },
    "node_modules/yargs/node_modules/string-width": {
      "version": "4.2.3",
      "resolved": "https://registry.npmjs.org/string-width/-/string-width-4.2.3.tgz",
      "integrity": "sha512-wKyQRQpjJ0sIp62ErSZdGsjMJWsap5oRNihHhu6G7JVO/9jIB6UyevL+tXuOqrng8j/cxKTWyWUwvSTriiZz/g==",
      "dev": true,
      "dependencies": {
        "emoji-regex": "^8.0.0",
        "is-fullwidth-code-point": "^3.0.0",
        "strip-ansi": "^6.0.1"
      },
      "engines": {
        "node": ">=8"
      }
    },
    "node_modules/yargs/node_modules/strip-ansi": {
      "version": "6.0.1",
      "resolved": "https://registry.npmjs.org/strip-ansi/-/strip-ansi-6.0.1.tgz",
      "integrity": "sha512-Y38VPSHcqkFrCpFnQ9vuSXmquuv5oXOKpGeT6aGrr3o3Gc9AlVa6JBfUSOCnbxGGZF+/0ooI7KrPuUSztUdU5A==",
      "dev": true,
      "dependencies": {
        "ansi-regex": "^5.0.1"
      },
      "engines": {
        "node": ">=8"
      }
    },
    "node_modules/yauzl": {
      "version": "2.10.0",
      "resolved": "https://registry.npmjs.org/yauzl/-/yauzl-2.10.0.tgz",
      "integrity": "sha512-p4a9I6X6nu6IhoGmBqAcbJy1mlC4j27vEPZX9F4L4/vZT3Lyq1VkFHw/V/PUcB9Buo+DG3iHkT0x3Qya58zc3g==",
      "dev": true,
      "dependencies": {
        "buffer-crc32": "~0.2.3",
        "fd-slicer": "~1.1.0"
      }
    },
    "node_modules/yocto-queue": {
      "version": "0.1.0",
      "resolved": "https://registry.npmjs.org/yocto-queue/-/yocto-queue-0.1.0.tgz",
      "integrity": "sha512-rVksvsnNCdJ/ohGc6xgPwyN8eheCxsiLM8mxuE/t/mOVqJewPuO1miLpTHQiRgTKCLexL4MeAFVagts7HmNZ2Q==",
      "dev": true,
      "engines": {
        "node": ">=10"
      },
      "funding": {
        "url": "https://github.com/sponsors/sindresorhus"
      }
    }
  }
}
